Time,Node,Stock,Action,Demand,Delivery,Reward,Backlog
1,A,30.0,0.0,0.0,0.0,9.0,False
1,B,30.0,0.0,0.0,0.0,9.0,False
1,C,30.0,0.0,0.0,0.0,9.0,False
2,A,30.0,0.0,0.0,0.0,-9.0,False
2,B,30.0,0.0,0.0,0.0,-9.0,False
2,C,30.0,0.0,0.0,0.0,-9.0,False
3,A,30.0,0.0,0.0,0.0,9.899999618530273,False
3,B,30.0,0.0,0.0,0.0,9.899999618530273,False
3,C,21.0,0.0,9.0,0.0,9.899999618530273,False
4,A,22.0,0.0,8.0,0.0,46.5,False
4,B,20.0,0.0,10.0,0.0,46.5,False
4,C,13.0,0.0,8.0,0.0,46.5,False
5,A,22.0,0.0,0.0,0.0,5.0,False
5,B,20.0,0.0,0.0,0.0,5.0,False
5,C,8.0,0.0,5.0,0.0,5.0,False
6,A,22.0,0.0,0.0,0.0,-5.0,False
6,B,20.0,0.0,0.0,0.0,-5.0,False
6,C,8.0,0.0,0.0,0.0,-5.0,False
7,A,10.0,0.0,12.0,0.0,34.89999985694885,False
7,B,13.0,0.0,7.0,0.0,34.89999985694885,False
7,C,8.0,0.0,0.0,0.0,34.89999985694885,False
8,A,10.0,0.0,0.0,0.0,-3.1000001430511475,False
8,B,13.0,0.0,0.0,0.0,-3.1000001430511475,False
8,C,8.0,0.0,0.0,0.0,-3.1000001430511475,False
9,A,10.0,0.0,0.0,0.0,11.599999904632568,False
9,B,13.0,0.0,0.0,0.0,11.599999904632568,False
9,C,1.0,0.0,7.0,0.0,11.599999904632568,False
10,A,4.0,0.0,6.0,0.0,-9987.800000071526,False
10,B,13.0,0.0,0.0,0.0,-9987.800000071526,False
10,C,1.0,0.0,6.0,0.0,-9987.800000071526,True
11,A,4.0,0.0,12.0,0.0,-15983.300000071526,True
11,B,8.0,0.0,5.0,0.0,-15983.300000071526,False
11,C,1.0,0.0,0.0,0.0,-15983.300000071526,True
12,A,4.0,0.0,12.0,0.0,-15993.300000071526,True
12,B,8.0,0.0,0.0,0.0,-15993.300000071526,False
12,C,1.0,0.0,0.0,0.0,-15993.300000071526,True
13,A,4.0,0.0,9.0,0.0,-9993.300000071526,True
13,B,8.0,0.0,0.0,0.0,-9993.300000071526,False
13,C,1.0,0.0,0.0,0.0,-9993.300000071526,True
14,A,4.0,0.0,6.0,0.0,-11991.300000071526,True
14,B,8.0,0.0,0.0,0.0,-11991.300000071526,False
14,C,1.0,0.0,5.0,0.0,-11991.300000071526,True
15,A,4.0,0.0,0.0,0.0,-1.3000000715255737,True
15,B,8.0,0.0,0.0,0.0,-1.3000000715255737,False
15,C,1.0,0.0,0.0,0.0,-1.3000000715255737,True
16,A,4.0,0.0,5.0,0.0,-17991.300000071526,True
16,B,8.0,0.0,0.0,0.0,-17991.300000071526,False
16,C,1.0,0.0,9.0,0.0,-17991.300000071526,True
17,A,4.0,0.0,11.0,0.0,-31991.300000071526,True
17,B,8.0,0.0,0.0,0.0,-31991.300000071526,False
17,C,1.0,0.0,10.0,0.0,-31991.300000071526,True
18,A,4.0,0.0,0.0,0.0,-1.3000000715255737,True
18,B,8.0,0.0,0.0,0.0,-1.3000000715255737,False
18,C,1.0,0.0,0.0,0.0,-1.3000000715255737,True
19,A,4.0,0.0,7.0,0.0,-5993.300000071526,True
19,B,8.0,0.0,0.0,0.0,-5993.300000071526,False
19,C,1.0,0.0,0.0,0.0,-5993.300000071526,True
20,A,4.0,0.0,0.0,0.0,15.5,True
20,B,0.0,0.0,8.0,0.0,15.5,False
20,C,1.0,0.0,0.0,0.0,15.5,True
21,A,0.0,0.0,4.0,0.0,7.899999998509884,True
21,B,0.0,0.0,0.0,0.0,7.899999998509884,False
21,C,1.0,0.0,0.0,0.0,7.899999998509884,True
22,A,0.0,0.0,11.0,0.0,-51998.10000000149,True
22,B,0.0,0.0,4.0,0.0,-51998.10000000149,True
22,C,1.0,0.0,12.0,0.0,-51998.10000000149,True
23,A,0.0,0.0,9.0,0.0,-36000.10000000149,True
23,B,0.0,0.0,9.0,0.0,-36000.10000000149,True
23,C,1.0,0.0,0.0,0.0,-36000.10000000149,True
24,A,0.0,0.0,0.0,0.0,-8000.10000000149,True
24,B,0.0,0.0,4.0,0.0,-8000.10000000149,True
24,C,1.0,0.0,0.0,0.0,-8000.10000000149,True
25,A,0.0,0.0,1.0,0.0,-20000.10000000149,True
25,B,0.0,0.0,9.0,0.0,-20000.10000000149,True
25,C,1.0,0.0,0.0,0.0,-20000.10000000149,True
26,A,0.0,0.0,5.0,0.0,-22000.10000000149,True
26,B,0.0,0.0,6.0,0.0,-22000.10000000149,True
26,C,1.0,0.0,0.0,0.0,-22000.10000000149,True
27,A,0.0,0.0,6.0,0.0,-31998.10000000149,True
27,B,0.0,0.0,4.0,0.0,-31998.10000000149,True
27,C,1.0,0.0,7.0,0.0,-31998.10000000149,True
28,A,0.0,0.0,5.0,0.0,-31998.10000000149,True
28,B,0.0,0.0,7.0,0.0,-31998.10000000149,True
28,C,1.0,0.0,5.0,0.0,-31998.10000000149,True
29,A,0.0,0.0,8.0,0.0,-24000.10000000149,True
29,B,0.0,0.0,4.0,0.0,-24000.10000000149,True
29,C,1.0,0.0,0.0,0.0,-24000.10000000149,True
30,A,0.0,0.0,5.0,0.0,-30000.10000000149,True
30,B,0.0,0.0,10.0,0.0,-30000.10000000149,True
30,C,1.0,0.0,0.0,0.0,-30000.10000000149,True
31,A,0.0,0.0,0.0,0.0,-10000.10000000149,True
31,B,0.0,0.0,5.0,0.0,-10000.10000000149,True
31,C,1.0,0.0,0.0,0.0,-10000.10000000149,True
32,A,0.0,0.0,0.0,0.0,-23998.10000000149,True
32,B,0.0,0.0,0.0,0.0,-23998.10000000149,True
32,C,1.0,0.0,13.0,0.0,-23998.10000000149,True
33,A,0.0,0.0,0.0,0.0,-12000.10000000149,True
33,B,0.0,0.0,6.0,0.0,-12000.10000000149,True
33,C,1.0,0.0,0.0,0.0,-12000.10000000149,True
34,A,0.0,0.0,0.0,0.0,-0.10000000149011612,True
34,B,0.0,0.0,0.0,0.0,-0.10000000149011612,True
34,C,1.0,0.0,0.0,0.0,-0.10000000149011612,True
35,A,0.0,0.0,6.0,0.0,-32000.10000000149,True
35,B,0.0,0.0,10.0,0.0,-32000.10000000149,True
35,C,1.0,0.0,0.0,0.0,-32000.10000000149,True
36,A,0.0,0.0,0.0,0.0,-14000.10000000149,True
36,B,0.0,0.0,7.0,0.0,-14000.10000000149,True
36,C,1.0,0.0,0.0,0.0,-14000.10000000149,True
37,A,0.0,0.0,0.0,0.0,-0.10000000149011612,True
37,B,0.0,0.0,0.0,0.0,-0.10000000149011612,True
37,C,1.0,0.0,0.0,0.0,-0.10000000149011612,True
38,A,0.0,0.0,0.0,0.0,-0.10000000149011612,True
38,B,0.0,0.0,0.0,0.0,-0.10000000149011612,True
38,C,1.0,0.0,0.0,0.0,-0.10000000149011612,True
39,A,0.0,0.0,11.0,0.0,-45998.10000000149,True
39,B,0.0,0.0,3.0,0.0,-45998.10000000149,True
39,C,1.0,0.0,10.0,0.0,-45998.10000000149,True
40,A,0.0,0.0,0.0,0.0,-0.10000000149011612,True
40,B,0.0,0.0,0.0,0.0,-0.10000000149011612,True
40,C,1.0,0.0,0.0,0.0,-0.10000000149011612,True
41,A,0.0,0.0,9.0,0.0,-29998.10000000149,True
41,B,0.0,0.0,0.0,0.0,-29998.10000000149,True
41,C,1.0,0.0,7.0,0.0,-29998.10000000149,True
42,A,0.0,0.0,0.0,0.0,-0.10000000149011612,True
42,B,0.0,0.0,0.0,0.0,-0.10000000149011612,True
42,C,1.0,0.0,0.0,0.0,-0.10000000149011612,True
43,A,0.0,0.0,0.0,0.0,-8000.10000000149,True
43,B,0.0,0.0,4.0,0.0,-8000.10000000149,True
43,C,1.0,0.0,0.0,0.0,-8000.10000000149,True
44,A,0.0,0.0,0.0,0.0,-37998.10000000149,True
44,B,0.0,0.0,9.0,0.0,-37998.10000000149,True
44,C,1.0,0.0,11.0,0.0,-37998.10000000149,True
45,A,0.0,0.0,0.0,0.0,-0.10000000149011612,True
45,B,0.0,0.0,0.0,0.0,-0.10000000149011612,True
45,C,1.0,0.0,0.0,0.0,-0.10000000149011612,True
46,A,0.0,0.0,0.0,0.0,-0.10000000149011612,True
46,B,0.0,0.0,0.0,0.0,-0.10000000149011612,True
46,C,1.0,0.0,0.0,0.0,-0.10000000149011612,True
47,A,0.0,0.0,0.0,0.0,-15998.10000000149,True
47,B,0.0,0.0,0.0,0.0,-15998.10000000149,True
47,C,1.0,0.0,9.0,0.0,-15998.10000000149,True
48,A,0.0,0.0,0.0,0.0,-0.10000000149011612,True
48,B,0.0,0.0,0.0,0.0,-0.10000000149011612,True
48,C,1.0,0.0,0.0,0.0,-0.10000000149011612,True
49,A,0.0,0.0,0.0,0.0,-22000.10000000149,True
49,B,0.0,0.0,11.0,0.0,-22000.10000000149,True
49,C,1.0,0.0,0.0,0.0,-22000.10000000149,True
50,A,0.0,0.0,14.0,0.0,-45998.10000000149,True
50,B,0.0,0.0,0.0,0.0,-45998.10000000149,True
50,C,1.0,0.0,10.0,0.0,-45998.10000000149,True
51,A,0.0,0.0,2.0,0.0,-20000.10000000149,True
51,B,0.0,0.0,8.0,0.0,-20000.10000000149,True
51,C,1.0,0.0,0.0,0.0,-20000.10000000149,True
52,A,0.0,0.0,0.0,0.0,-0.10000000149011612,True
52,B,0.0,0.0,0.0,0.0,-0.10000000149011612,True
52,C,1.0,0.0,0.0,0.0,-0.10000000149011612,True
53,A,0.0,0.0,0.0,0.0,-14000.10000000149,True
53,B,0.0,0.0,7.0,0.0,-14000.10000000149,True
53,C,1.0,0.0,0.0,0.0,-14000.10000000149,True
54,A,0.0,0.0,7.0,0.0,-26000.10000000149,True
54,B,0.0,0.0,6.0,0.0,-26000.10000000149,True
54,C,1.0,0.0,0.0,0.0,-26000.10000000149,True
55,A,0.0,0.0,0.0,0.0,-20000.10000000149,True
55,B,0.0,0.0,10.0,0.0,-20000.10000000149,True
55,C,1.0,0.0,0.0,0.0,-20000.10000000149,True
56,A,0.0,0.0,0.0,0.0,-0.10000000149011612,True
56,B,0.0,0.0,0.0,0.0,-0.10000000149011612,True
56,C,1.0,0.0,0.0,0.0,-0.10000000149011612,True
57,A,0.0,0.0,0.0,0.0,-11998.10000000149,True
57,B,0.0,0.0,0.0,0.0,-11998.10000000149,True
57,C,1.0,0.0,7.0,0.0,-11998.10000000149,True
58,A,0.0,0.0,0.0,0.0,-0.10000000149011612,True
58,B,0.0,0.0,0.0,0.0,-0.10000000149011612,True
58,C,1.0,0.0,0.0,0.0,-0.10000000149011612,True
59,A,0.0,0.0,0.0,0.0,-0.10000000149011612,True
59,B,0.0,0.0,0.0,0.0,-0.10000000149011612,True
59,C,1.0,0.0,0.0,0.0,-0.10000000149011612,True
60,A,0.0,0.0,7.0,0.0,-18000.10000000149,True
60,B,0.0,0.0,2.0,0.0,-18000.10000000149,True
60,C,1.0,0.0,0.0,0.0,-18000.10000000149,True
61,A,0.0,0.0,8.0,0.0,-16000.10000000149,True
61,B,0.0,0.0,0.0,0.0,-16000.10000000149,True
61,C,1.0,0.0,0.0,0.0,-16000.10000000149,True
62,A,0.0,0.0,9.0,0.0,-25998.10000000149,True
62,B,0.0,0.0,0.0,0.0,-25998.10000000149,True
62,C,1.0,0.0,5.0,0.0,-25998.10000000149,True
63,A,0.0,0.0,0.0,0.0,-0.10000000149011612,True
63,B,0.0,0.0,0.0,0.0,-0.10000000149011612,True
63,C,1.0,0.0,0.0,0.0,-0.10000000149011612,True
64,A,0.0,0.0,0.0,0.0,-0.10000000149011612,True
64,B,0.0,0.0,0.0,0.0,-0.10000000149011612,True
64,C,1.0,0.0,0.0,0.0,-0.10000000149011612,True
65,A,0.0,0.0,8.0,0.0,-25998.10000000149,True
65,B,0.0,0.0,0.0,0.0,-25998.10000000149,True
65,C,1.0,0.0,6.0,0.0,-25998.10000000149,True
66,A,0.0,0.0,11.0,0.0,-38000.10000000149,True
66,B,0.0,0.0,8.0,0.0,-38000.10000000149,True
66,C,1.0,0.0,0.0,0.0,-38000.10000000149,True
67,A,0.0,0.0,0.0,0.0,-16000.10000000149,True
67,B,0.0,0.0,8.0,0.0,-16000.10000000149,True
67,C,1.0,0.0,0.0,0.0,-16000.10000000149,True
68,A,0.0,0.0,7.0,0.0,-31998.10000000149,True
68,B,0.0,0.0,0.0,0.0,-31998.10000000149,True
68,C,1.0,0.0,10.0,0.0,-31998.10000000149,True
69,A,0.0,0.0,0.0,0.0,-0.10000000149011612,True
69,B,0.0,0.0,0.0,0.0,-0.10000000149011612,True
69,C,1.0,0.0,0.0,0.0,-0.10000000149011612,True
70,A,0.0,0.0,0.0,0.0,-14000.10000000149,True
70,B,0.0,0.0,7.0,0.0,-14000.10000000149,True
70,C,1.0,0.0,0.0,0.0,-14000.10000000149,True
71,A,0.0,0.0,0.0,0.0,-0.10000000149011612,True
71,B,0.0,0.0,0.0,0.0,-0.10000000149011612,True
71,C,1.0,0.0,0.0,0.0,-0.10000000149011612,True
72,A,0.0,0.0,9.0,0.0,-18000.10000000149,True
72,B,0.0,0.0,0.0,0.0,-18000.10000000149,True
72,C,1.0,0.0,0.0,0.0,-18000.10000000149,True
73,A,0.0,0.0,0.0,0.0,-0.10000000149011612,True
73,B,0.0,0.0,0.0,0.0,-0.10000000149011612,True
73,C,1.0,0.0,0.0,0.0,-0.10000000149011612,True
74,A,0.0,0.0,4.0,0.0,-8000.10000000149,True
74,B,0.0,0.0,0.0,0.0,-8000.10000000149,True
74,C,1.0,0.0,0.0,0.0,-8000.10000000149,True
75,A,0.0,0.0,2.0,0.0,-18000.10000000149,True
75,B,0.0,0.0,7.0,0.0,-18000.10000000149,True
75,C,1.0,0.0,0.0,0.0,-18000.10000000149,True
76,A,0.0,0.0,0.0,0.0,-21998.10000000149,True
76,B,0.0,0.0,0.0,0.0,-21998.10000000149,True
76,C,1.0,0.0,12.0,0.0,-21998.10000000149,True
77,A,0.0,0.0,0.0,0.0,-18000.10000000149,True
77,B,0.0,0.0,9.0,0.0,-18000.10000000149,True
77,C,1.0,0.0,0.0,0.0,-18000.10000000149,True
78,A,0.0,0.0,0.0,0.0,-0.10000000149011612,True
78,B,0.0,0.0,0.0,0.0,-0.10000000149011612,True
78,C,1.0,0.0,0.0,0.0,-0.10000000149011612,True
79,A,0.0,0.0,5.0,0.0,-24000.10000000149,True
79,B,0.0,0.0,7.0,0.0,-24000.10000000149,True
79,C,1.0,0.0,0.0,0.0,-24000.10000000149,True
80,A,0.0,0.0,1.0,0.0,-2000.1000000014901,True
80,B,0.0,0.0,0.0,0.0,-2000.1000000014901,True
80,C,1.0,0.0,0.0,0.0,-2000.1000000014901,True
81,A,0.0,0.0,6.0,0.0,-12000.10000000149,True
81,B,0.0,0.0,0.0,0.0,-12000.10000000149,True
81,C,1.0,0.0,0.0,0.0,-12000.10000000149,True
82,A,0.0,0.0,0.0,0.0,-15998.10000000149,True
82,B,0.0,0.0,0.0,0.0,-15998.10000000149,True
82,C,1.0,0.0,9.0,0.0,-15998.10000000149,True
83,A,0.0,0.0,8.0,0.0,-33998.10000000149,True
83,B,0.0,0.0,0.0,0.0,-33998.10000000149,True
83,C,1.0,0.0,10.0,0.0,-33998.10000000149,True
84,A,0.0,0.0,0.0,0.0,-13998.10000000149,True
84,B,0.0,0.0,0.0,0.0,-13998.10000000149,True
84,C,1.0,0.0,8.0,0.0,-13998.10000000149,True
85,A,0.0,0.0,0.0,0.0,-25998.10000000149,True
85,B,0.0,0.0,9.0,0.0,-25998.10000000149,True
85,C,1.0,0.0,5.0,0.0,-25998.10000000149,True
86,A,0.0,0.0,0.0,0.0,-17998.10000000149,True
86,B,0.0,0.0,0.0,0.0,-17998.10000000149,True
86,C,1.0,0.0,10.0,0.0,-17998.10000000149,True
87,A,0.0,0.0,3.0,0.0,-20000.10000000149,True
87,B,0.0,0.0,7.0,0.0,-20000.10000000149,True
87,C,1.0,0.0,0.0,0.0,-20000.10000000149,True
88,A,0.0,0.0,0.0,0.0,-0.10000000149011612,True
88,B,0.0,0.0,0.0,0.0,-0.10000000149011612,True
88,C,1.0,0.0,0.0,0.0,-0.10000000149011612,True
89,A,0.0,0.0,0.0,0.0,-0.10000000149011612,True
89,B,0.0,0.0,0.0,0.0,-0.10000000149011612,True
89,C,1.0,0.0,0.0,0.0,-0.10000000149011612,True
90,A,0.0,0.0,9.0,0.0,-18000.10000000149,True
90,B,0.0,0.0,0.0,0.0,-18000.10000000149,True
90,C,1.0,0.0,0.0,0.0,-18000.10000000149,True
91,A,0.0,0.0,9.0,0.0,-22000.10000000149,True
91,B,0.0,0.0,2.0,0.0,-22000.10000000149,True
91,C,1.0,0.0,0.0,0.0,-22000.10000000149,True
92,A,0.0,0.0,0.0,0.0,-7998.10000000149,True
92,B,0.0,0.0,0.0,0.0,-7998.10000000149,True
92,C,1.0,0.0,5.0,0.0,-7998.10000000149,True
93,A,0.0,0.0,9.0,0.0,-45998.10000000149,True
93,B,0.0,0.0,7.0,0.0,-45998.10000000149,True
93,C,1.0,0.0,8.0,0.0,-45998.10000000149,True
94,A,0.0,0.0,0.0,0.0,-0.10000000149011612,True
94,B,0.0,0.0,0.0,0.0,-0.10000000149011612,True
94,C,1.0,0.0,0.0,0.0,-0.10000000149011612,True
95,A,0.0,0.0,0.0,0.0,-0.10000000149011612,True
95,B,0.0,0.0,0.0,0.0,-0.10000000149011612,True
95,C,1.0,0.0,0.0,0.0,-0.10000000149011612,True
96,A,0.0,0.0,0.0,0.0,-11998.10000000149,True
96,B,0.0,0.0,0.0,0.0,-11998.10000000149,True
96,C,1.0,0.0,7.0,0.0,-11998.10000000149,True
97,A,0.0,0.0,0.0,0.0,-29998.10000000149,True
97,B,0.0,0.0,4.0,0.0,-29998.10000000149,True
97,C,1.0,0.0,12.0,0.0,-29998.10000000149,True
98,A,0.0,0.0,0.0,0.0,-0.10000000149011612,True
98,B,0.0,0.0,0.0,0.0,-0.10000000149011612,True
98,C,1.0,0.0,0.0,0.0,-0.10000000149011612,True
99,A,0.0,0.0,0.0,0.0,-17998.10000000149,True
99,B,0.0,0.0,6.0,0.0,-17998.10000000149,True
99,C,1.0,0.0,4.0,0.0,-17998.10000000149,True
100,A,0.0,0.0,0.0,0.0,-21998.10000000149,True
100,B,0.0,0.0,0.0,0.0,-21998.10000000149,True
100,C,1.0,0.0,12.0,0.0,-21998.10000000149,True
101,A,0.0,0.0,0.0,0.0,-35998.10000000149,True
101,B,0.0,0.0,10.0,0.0,-35998.10000000149,True
101,C,1.0,0.0,9.0,0.0,-35998.10000000149,True
102,A,0.0,0.0,0.0,0.0,-7998.10000000149,True
102,B,0.0,0.0,0.0,0.0,-7998.10000000149,True
102,C,1.0,0.0,5.0,0.0,-7998.10000000149,True
103,A,0.0,0.0,0.0,0.0,-9998.10000000149,True
103,B,0.0,0.0,0.0,0.0,-9998.10000000149,True
103,C,1.0,0.0,6.0,0.0,-9998.10000000149,True
104,A,0.0,0.0,3.0,0.0,-17998.10000000149,True
104,B,0.0,0.0,0.0,0.0,-17998.10000000149,True
104,C,1.0,0.0,7.0,0.0,-17998.10000000149,True
105,A,0.0,0.0,7.0,0.0,-14000.10000000149,True
105,B,0.0,0.0,0.0,0.0,-14000.10000000149,True
105,C,1.0,0.0,0.0,0.0,-14000.10000000149,True
106,A,0.0,0.0,0.0,0.0,-0.10000000149011612,True
106,B,0.0,0.0,0.0,0.0,-0.10000000149011612,True
106,C,1.0,0.0,0.0,0.0,-0.10000000149011612,True
107,A,0.0,0.0,0.0,0.0,-17998.10000000149,True
107,B,0.0,0.0,0.0,0.0,-17998.10000000149,True
107,C,1.0,0.0,10.0,0.0,-17998.10000000149,True
108,A,0.0,0.0,0.0,0.0,-0.10000000149011612,True
108,B,0.0,0.0,0.0,0.0,-0.10000000149011612,True
108,C,1.0,0.0,0.0,0.0,-0.10000000149011612,True
109,A,0.0,0.0,0.0,0.0,-21998.10000000149,True
109,B,0.0,0.0,0.0,0.0,-21998.10000000149,True
109,C,1.0,0.0,12.0,0.0,-21998.10000000149,True
110,A,0.0,0.0,0.0,0.0,-0.10000000149011612,True
110,B,0.0,0.0,0.0,0.0,-0.10000000149011612,True
110,C,1.0,0.0,0.0,0.0,-0.10000000149011612,True
111,A,0.0,0.0,0.0,0.0,-16000.10000000149,True
111,B,0.0,0.0,8.0,0.0,-16000.10000000149,True
111,C,1.0,0.0,0.0,0.0,-16000.10000000149,True
112,A,0.0,0.0,12.0,0.0,-36000.10000000149,True
112,B,0.0,0.0,6.0,0.0,-36000.10000000149,True
112,C,1.0,0.0,0.0,0.0,-36000.10000000149,True
113,A,0.0,0.0,6.0,0.0,-21998.10000000149,True
113,B,0.0,0.0,0.0,0.0,-21998.10000000149,True
113,C,1.0,0.0,6.0,0.0,-21998.10000000149,True
114,A,0.0,0.0,7.0,0.0,-14000.10000000149,True
114,B,0.0,0.0,0.0,0.0,-14000.10000000149,True
114,C,1.0,0.0,0.0,0.0,-14000.10000000149,True
115,A,0.0,0.0,0.0,0.0,-14000.10000000149,True
115,B,0.0,0.0,7.0,0.0,-14000.10000000149,True
115,C,1.0,0.0,0.0,0.0,-14000.10000000149,True
116,A,0.0,0.0,3.0,0.0,-6000.10000000149,True
116,B,0.0,0.0,0.0,0.0,-6000.10000000149,True
116,C,1.0,0.0,0.0,0.0,-6000.10000000149,True
117,A,0.0,0.0,11.0,0.0,-46000.10000000149,True
117,B,0.0,0.0,12.0,0.0,-46000.10000000149,True
117,C,1.0,0.0,0.0,0.0,-46000.10000000149,True
118,A,0.0,0.0,0.0,0.0,-16000.10000000149,True
118,B,0.0,0.0,8.0,0.0,-16000.10000000149,True
118,C,1.0,0.0,0.0,0.0,-16000.10000000149,True
119,A,0.0,0.0,0.0,0.0,-16000.10000000149,True
119,B,0.0,0.0,8.0,0.0,-16000.10000000149,True
119,C,1.0,0.0,0.0,0.0,-16000.10000000149,True
120,A,0.0,0.0,0.0,0.0,-0.10000000149011612,True
120,B,0.0,0.0,0.0,0.0,-0.10000000149011612,True
120,C,1.0,0.0,0.0,0.0,-0.10000000149011612,True
121,A,0.0,0.0,0.0,0.0,-15998.10000000149,True
121,B,0.0,0.0,0.0,0.0,-15998.10000000149,True
121,C,1.0,0.0,9.0,0.0,-15998.10000000149,True
122,A,0.0,0.0,0.0,0.0,-29998.10000000149,True
122,B,0.0,0.0,8.0,0.0,-29998.10000000149,True
122,C,1.0,0.0,8.0,0.0,-29998.10000000149,True
123,A,0.0,0.0,6.0,0.0,-12000.10000000149,True
123,B,0.0,0.0,0.0,0.0,-12000.10000000149,True
123,C,1.0,0.0,0.0,0.0,-12000.10000000149,True
124,A,0.0,0.0,0.0,0.0,-14000.10000000149,True
124,B,0.0,0.0,7.0,0.0,-14000.10000000149,True
124,C,1.0,0.0,0.0,0.0,-14000.10000000149,True
125,A,0.0,0.0,4.0,0.0,-33998.10000000149,True
125,B,0.0,0.0,4.0,0.0,-33998.10000000149,True
125,C,1.0,0.0,10.0,0.0,-33998.10000000149,True
126,A,0.0,0.0,0.0,0.0,-0.10000000149011612,True
126,B,0.0,0.0,0.0,0.0,-0.10000000149011612,True
126,C,1.0,0.0,0.0,0.0,-0.10000000149011612,True
127,A,0.0,0.0,5.0,0.0,-10000.10000000149,True
127,B,0.0,0.0,0.0,0.0,-10000.10000000149,True
127,C,1.0,0.0,0.0,0.0,-10000.10000000149,True
128,A,0.0,0.0,5.0,0.0,-19998.10000000149,True
128,B,0.0,0.0,0.0,0.0,-19998.10000000149,True
128,C,1.0,0.0,6.0,0.0,-19998.10000000149,True
129,A,0.0,0.0,0.0,0.0,-4000.10000000149,True
129,B,0.0,0.0,2.0,0.0,-4000.10000000149,True
129,C,1.0,0.0,0.0,0.0,-4000.10000000149,True
130,A,0.0,0.0,0.0,0.0,-0.10000000149011612,True
130,B,0.0,0.0,0.0,0.0,-0.10000000149011612,True
130,C,1.0,0.0,0.0,0.0,-0.10000000149011612,True
131,A,0.0,0.0,0.0,0.0,-7998.10000000149,True
131,B,0.0,0.0,0.0,0.0,-7998.10000000149,True
131,C,1.0,0.0,5.0,0.0,-7998.10000000149,True
132,A,0.0,0.0,0.0,0.0,-0.10000000149011612,True
132,B,0.0,0.0,0.0,0.0,-0.10000000149011612,True
132,C,1.0,0.0,0.0,0.0,-0.10000000149011612,True
133,A,0.0,0.0,0.0,0.0,-0.10000000149011612,True
133,B,0.0,0.0,0.0,0.0,-0.10000000149011612,True
133,C,1.0,0.0,0.0,0.0,-0.10000000149011612,True
134,A,0.0,0.0,0.0,0.0,-0.10000000149011612,True
134,B,0.0,0.0,0.0,0.0,-0.10000000149011612,True
134,C,1.0,0.0,0.0,0.0,-0.10000000149011612,True
135,A,0.0,0.0,0.0,0.0,-15998.10000000149,True
135,B,0.0,0.0,3.0,0.0,-15998.10000000149,True
135,C,1.0,0.0,6.0,0.0,-15998.10000000149,True
136,A,0.0,0.0,8.0,0.0,-16000.10000000149,True
136,B,0.0,0.0,0.0,0.0,-16000.10000000149,True
136,C,1.0,0.0,0.0,0.0,-16000.10000000149,True
137,A,0.0,0.0,0.0,0.0,-22000.10000000149,True
137,B,0.0,0.0,11.0,0.0,-22000.10000000149,True
137,C,1.0,0.0,0.0,0.0,-22000.10000000149,True
138,A,0.0,0.0,0.0,0.0,-19998.10000000149,True
138,B,0.0,0.0,8.0,0.0,-19998.10000000149,True
138,C,1.0,0.0,3.0,0.0,-19998.10000000149,True
139,A,0.0,0.0,0.0,0.0,-17998.10000000149,True
139,B,0.0,0.0,0.0,0.0,-17998.10000000149,True
139,C,1.0,0.0,10.0,0.0,-17998.10000000149,True
140,A,0.0,0.0,0.0,0.0,-6000.10000000149,True
140,B,0.0,0.0,3.0,0.0,-6000.10000000149,True
140,C,1.0,0.0,0.0,0.0,-6000.10000000149,True
141,A,0.0,0.0,0.0,0.0,-0.10000000149011612,True
141,B,0.0,0.0,0.0,0.0,-0.10000000149011612,True
141,C,1.0,0.0,0.0,0.0,-0.10000000149011612,True
142,A,0.0,0.0,7.0,0.0,-29998.10000000149,True
142,B,0.0,0.0,0.0,0.0,-29998.10000000149,True
142,C,1.0,0.0,9.0,0.0,-29998.10000000149,True
143,A,0.0,0.0,7.0,0.0,-29998.10000000149,True
143,B,0.0,0.0,0.0,0.0,-29998.10000000149,True
143,C,1.0,0.0,9.0,0.0,-29998.10000000149,True
144,A,0.0,0.0,3.0,0.0,-6000.10000000149,True
144,B,0.0,0.0,0.0,0.0,-6000.10000000149,True
144,C,1.0,0.0,0.0,0.0,-6000.10000000149,True
145,A,0.0,0.0,6.0,0.0,-12000.10000000149,True
145,B,0.0,0.0,0.0,0.0,-12000.10000000149,True
145,C,1.0,0.0,0.0,0.0,-12000.10000000149,True
146,A,0.0,0.0,0.0,0.0,-19998.10000000149,True
146,B,0.0,0.0,7.0,0.0,-19998.10000000149,True
146,C,1.0,0.0,4.0,0.0,-19998.10000000149,True
147,A,0.0,0.0,0.0,0.0,-0.10000000149011612,True
147,B,0.0,0.0,0.0,0.0,-0.10000000149011612,True
147,C,1.0,0.0,0.0,0.0,-0.10000000149011612,True
148,A,0.0,0.0,10.0,0.0,-20000.10000000149,True
148,B,0.0,0.0,0.0,0.0,-20000.10000000149,True
148,C,1.0,0.0,0.0,0.0,-20000.10000000149,True
149,A,0.0,0.0,14.0,0.0,-50000.10000000149,True
149,B,0.0,0.0,11.0,0.0,-50000.10000000149,True
149,C,1.0,0.0,0.0,0.0,-50000.10000000149,True
150,A,0.0,0.0,0.0,0.0,-7998.10000000149,True
150,B,0.0,0.0,0.0,0.0,-7998.10000000149,True
150,C,1.0,0.0,5.0,0.0,-7998.10000000149,True
151,A,0.0,0.0,7.0,0.0,-27998.10000000149,True
151,B,0.0,0.0,0.0,0.0,-27998.10000000149,True
151,C,1.0,0.0,8.0,0.0,-27998.10000000149,True
152,A,0.0,0.0,7.0,0.0,-14000.10000000149,True
152,B,0.0,0.0,0.0,0.0,-14000.10000000149,True
152,C,1.0,0.0,0.0,0.0,-14000.10000000149,True
153,A,0.0,0.0,0.0,0.0,-0.10000000149011612,True
153,B,0.0,0.0,0.0,0.0,-0.10000000149011612,True
153,C,1.0,0.0,0.0,0.0,-0.10000000149011612,True
154,A,0.0,0.0,0.0,0.0,-11998.10000000149,True
154,B,0.0,0.0,0.0,0.0,-11998.10000000149,True
154,C,1.0,0.0,7.0,0.0,-11998.10000000149,True
155,A,0.0,0.0,0.0,0.0,-18000.10000000149,True
155,B,0.0,0.0,9.0,0.0,-18000.10000000149,True
155,C,1.0,0.0,0.0,0.0,-18000.10000000149,True
156,A,0.0,0.0,0.0,0.0,-0.10000000149011612,True
156,B,0.0,0.0,0.0,0.0,-0.10000000149011612,True
156,C,1.0,0.0,0.0,0.0,-0.10000000149011612,True
157,A,0.0,0.0,6.0,0.0,-12000.10000000149,True
157,B,0.0,0.0,0.0,0.0,-12000.10000000149,True
157,C,1.0,0.0,0.0,0.0,-12000.10000000149,True
158,A,0.0,0.0,0.0,0.0,-0.10000000149011612,True
158,B,0.0,0.0,0.0,0.0,-0.10000000149011612,True
158,C,1.0,0.0,0.0,0.0,-0.10000000149011612,True
159,A,0.0,0.0,11.0,0.0,-31998.10000000149,True
159,B,0.0,0.0,1.0,0.0,-31998.10000000149,True
159,C,1.0,0.0,5.0,0.0,-31998.10000000149,True
160,A,0.0,0.0,4.0,0.0,-15998.10000000149,True
160,B,0.0,0.0,0.0,0.0,-15998.10000000149,True
160,C,1.0,0.0,5.0,0.0,-15998.10000000149,True
161,A,0.0,0.0,0.0,0.0,-15998.10000000149,True
161,B,0.0,0.0,0.0,0.0,-15998.10000000149,True
161,C,1.0,0.0,9.0,0.0,-15998.10000000149,True
162,A,0.0,0.0,0.0,0.0,-8000.10000000149,True
162,B,0.0,0.0,4.0,0.0,-8000.10000000149,True
162,C,1.0,0.0,0.0,0.0,-8000.10000000149,True
163,A,0.0,0.0,0.0,0.0,-0.10000000149011612,True
163,B,0.0,0.0,0.0,0.0,-0.10000000149011612,True
163,C,1.0,0.0,0.0,0.0,-0.10000000149011612,True
164,A,0.0,0.0,1.0,0.0,-11998.10000000149,True
164,B,0.0,0.0,0.0,0.0,-11998.10000000149,True
164,C,1.0,0.0,6.0,0.0,-11998.10000000149,True
165,A,0.0,0.0,0.0,0.0,-0.10000000149011612,True
165,B,0.0,0.0,0.0,0.0,-0.10000000149011612,True
165,C,1.0,0.0,0.0,0.0,-0.10000000149011612,True
166,A,0.0,0.0,7.0,0.0,-14000.10000000149,True
166,B,0.0,0.0,0.0,0.0,-14000.10000000149,True
166,C,1.0,0.0,0.0,0.0,-14000.10000000149,True
167,A,0.0,0.0,0.0,0.0,-1998.1000000014901,True
167,B,0.0,0.0,0.0,0.0,-1998.1000000014901,True
167,C,1.0,0.0,2.0,0.0,-1998.1000000014901,True
168,A,0.0,0.0,0.0,0.0,-11998.10000000149,True
168,B,0.0,0.0,0.0,0.0,-11998.10000000149,True
168,C,1.0,0.0,7.0,0.0,-11998.10000000149,True
169,A,0.0,0.0,0.0,0.0,-0.10000000149011612,True
169,B,0.0,0.0,0.0,0.0,-0.10000000149011612,True
169,C,1.0,0.0,0.0,0.0,-0.10000000149011612,True
170,A,0.0,0.0,7.0,0.0,-23998.10000000149,True
170,B,0.0,0.0,0.0,0.0,-23998.10000000149,True
170,C,1.0,0.0,6.0,0.0,-23998.10000000149,True
171,A,0.0,0.0,0.0,0.0,-12000.10000000149,True
171,B,0.0,0.0,6.0,0.0,-12000.10000000149,True
171,C,1.0,0.0,0.0,0.0,-12000.10000000149,True
172,A,0.0,0.0,0.0,0.0,-6000.10000000149,True
172,B,0.0,0.0,3.0,0.0,-6000.10000000149,True
172,C,1.0,0.0,0.0,0.0,-6000.10000000149,True
173,A,0.0,0.0,0.0,0.0,-3998.10000000149,True
173,B,0.0,0.0,0.0,0.0,-3998.10000000149,True
173,C,1.0,0.0,3.0,0.0,-3998.10000000149,True
174,A,0.0,0.0,0.0,0.0,-27998.10000000149,True
174,B,0.0,0.0,8.0,0.0,-27998.10000000149,True
174,C,1.0,0.0,7.0,0.0,-27998.10000000149,True
175,A,0.0,0.0,0.0,0.0,-0.10000000149011612,True
175,B,0.0,0.0,0.0,0.0,-0.10000000149011612,True
175,C,1.0,0.0,0.0,0.0,-0.10000000149011612,True
176,A,0.0,0.0,0.0,0.0,-14000.10000000149,True
176,B,0.0,0.0,7.0,0.0,-14000.10000000149,True
176,C,1.0,0.0,0.0,0.0,-14000.10000000149,True
177,A,0.0,0.0,0.0,0.0,-0.10000000149011612,True
177,B,0.0,0.0,0.0,0.0,-0.10000000149011612,True
177,C,1.0,0.0,0.0,0.0,-0.10000000149011612,True
178,A,0.0,0.0,0.0,0.0,-8000.10000000149,True
178,B,0.0,0.0,4.0,0.0,-8000.10000000149,True
178,C,1.0,0.0,0.0,0.0,-8000.10000000149,True
179,A,0.0,0.0,8.0,0.0,-16000.10000000149,True
179,B,0.0,0.0,0.0,0.0,-16000.10000000149,True
179,C,1.0,0.0,0.0,0.0,-16000.10000000149,True
180,A,0.0,0.0,0.0,0.0,-9998.10000000149,True
180,B,0.0,0.0,0.0,0.0,-9998.10000000149,True
180,C,1.0,0.0,6.0,0.0,-9998.10000000149,True
181,A,0.0,0.0,7.0,0.0,-49998.10000000149,True
181,B,0.0,0.0,13.0,0.0,-49998.10000000149,True
181,C,1.0,0.0,6.0,0.0,-49998.10000000149,True
182,A,0.0,0.0,5.0,0.0,-10000.10000000149,True
182,B,0.0,0.0,0.0,0.0,-10000.10000000149,True
182,C,1.0,0.0,0.0,0.0,-10000.10000000149,True
183,A,0.0,0.0,0.0,0.0,-14000.10000000149,True
183,B,0.0,0.0,7.0,0.0,-14000.10000000149,True
183,C,1.0,0.0,0.0,0.0,-14000.10000000149,True
184,A,0.0,0.0,6.0,0.0,-12000.10000000149,True
184,B,0.0,0.0,0.0,0.0,-12000.10000000149,True
184,C,1.0,0.0,0.0,0.0,-12000.10000000149,True
185,A,0.0,0.0,0.0,0.0,-0.10000000149011612,True
185,B,0.0,0.0,0.0,0.0,-0.10000000149011612,True
185,C,1.0,0.0,0.0,0.0,-0.10000000149011612,True
186,A,0.0,0.0,6.0,0.0,-39998.10000000149,True
186,B,0.0,0.0,0.0,0.0,-39998.10000000149,True
186,C,1.0,0.0,15.0,0.0,-39998.10000000149,True
187,A,0.0,0.0,0.0,0.0,-0.10000000149011612,True
187,B,0.0,0.0,0.0,0.0,-0.10000000149011612,True
187,C,1.0,0.0,0.0,0.0,-0.10000000149011612,True
188,A,0.0,0.0,0.0,0.0,-21998.10000000149,True
188,B,0.0,0.0,0.0,0.0,-21998.10000000149,True
188,C,1.0,0.0,12.0,0.0,-21998.10000000149,True
189,A,0.0,0.0,6.0,0.0,-43998.10000000149,True
189,B,0.0,0.0,8.0,0.0,-43998.10000000149,True
189,C,1.0,0.0,9.0,0.0,-43998.10000000149,True
190,A,0.0,0.0,0.0,0.0,-0.10000000149011612,True
190,B,0.0,0.0,0.0,0.0,-0.10000000149011612,True
190,C,1.0,0.0,0.0,0.0,-0.10000000149011612,True
191,A,0.0,0.0,0.0,0.0,-0.10000000149011612,True
191,B,0.0,0.0,0.0,0.0,-0.10000000149011612,True
191,C,1.0,0.0,0.0,0.0,-0.10000000149011612,True
192,A,0.0,0.0,11.0,0.0,-36000.10000000149,True
192,B,0.0,0.0,7.0,0.0,-36000.10000000149,True
192,C,1.0,0.0,0.0,0.0,-36000.10000000149,True
193,A,0.0,0.0,0.0,0.0,-3998.10000000149,True
193,B,0.0,0.0,0.0,0.0,-3998.10000000149,True
193,C,1.0,0.0,3.0,0.0,-3998.10000000149,True
194,A,0.0,0.0,0.0,0.0,-16000.10000000149,True
194,B,0.0,0.0,8.0,0.0,-16000.10000000149,True
194,C,1.0,0.0,0.0,0.0,-16000.10000000149,True
195,A,0.0,0.0,6.0,0.0,-18000.10000000149,True
195,B,0.0,0.0,3.0,0.0,-18000.10000000149,True
195,C,1.0,0.0,0.0,0.0,-18000.10000000149,True
196,A,0.0,0.0,6.0,0.0,-24000.10000000149,True
196,B,0.0,0.0,6.0,0.0,-24000.10000000149,True
196,C,1.0,0.0,0.0,0.0,-24000.10000000149,True
197,A,0.0,0.0,0.0,0.0,-13998.10000000149,True
197,B,0.0,0.0,0.0,0.0,-13998.10000000149,True
197,C,1.0,0.0,8.0,0.0,-13998.10000000149,True
198,A,0.0,0.0,7.0,0.0,-14000.10000000149,True
198,B,0.0,0.0,0.0,0.0,-14000.10000000149,True
198,C,1.0,0.0,0.0,0.0,-14000.10000000149,True
199,A,0.0,0.0,2.0,0.0,-16000.10000000149,True
199,B,0.0,0.0,6.0,0.0,-16000.10000000149,True
199,C,1.0,0.0,0.0,0.0,-16000.10000000149,True
200,A,0.0,0.0,0.0,0.0,-35998.10000000149,True
200,B,0.0,0.0,8.0,0.0,-35998.10000000149,True
200,C,1.0,0.0,11.0,0.0,-35998.10000000149,True
201,A,0.0,0.0,0.0,0.0,-0.10000000149011612,True
201,B,0.0,0.0,0.0,0.0,-0.10000000149011612,True
201,C,1.0,0.0,0.0,0.0,-0.10000000149011612,True
202,A,0.0,0.0,0.0,0.0,-0.10000000149011612,True
202,B,0.0,0.0,0.0,0.0,-0.10000000149011612,True
202,C,1.0,0.0,0.0,0.0,-0.10000000149011612,True
203,A,0.0,0.0,0.0,0.0,-23998.10000000149,True
203,B,0.0,0.0,3.0,0.0,-23998.10000000149,True
203,C,1.0,0.0,10.0,0.0,-23998.10000000149,True
204,A,0.0,0.0,0.0,0.0,-0.10000000149011612,True
204,B,0.0,0.0,0.0,0.0,-0.10000000149011612,True
204,C,1.0,0.0,0.0,0.0,-0.10000000149011612,True
205,A,0.0,0.0,0.0,0.0,-14000.10000000149,True
205,B,0.0,0.0,7.0,0.0,-14000.10000000149,True
205,C,1.0,0.0,0.0,0.0,-14000.10000000149,True
206,A,0.0,0.0,5.0,0.0,-10000.10000000149,True
206,B,0.0,0.0,0.0,0.0,-10000.10000000149,True
206,C,1.0,0.0,0.0,0.0,-10000.10000000149,True
207,A,0.0,0.0,6.0,0.0,-21998.10000000149,True
207,B,0.0,0.0,0.0,0.0,-21998.10000000149,True
207,C,1.0,0.0,6.0,0.0,-21998.10000000149,True
208,A,0.0,0.0,0.0,0.0,-0.10000000149011612,True
208,B,0.0,0.0,0.0,0.0,-0.10000000149011612,True
208,C,1.0,0.0,0.0,0.0,-0.10000000149011612,True
209,A,0.0,0.0,0.0,0.0,-26000.10000000149,True
209,B,0.0,0.0,13.0,0.0,-26000.10000000149,True
209,C,1.0,0.0,0.0,0.0,-26000.10000000149,True
210,A,0.0,0.0,4.0,0.0,-17998.10000000149,True
210,B,0.0,0.0,0.0,0.0,-17998.10000000149,True
210,C,1.0,0.0,6.0,0.0,-17998.10000000149,True
211,A,0.0,0.0,10.0,0.0,-20000.10000000149,True
211,B,0.0,0.0,0.0,0.0,-20000.10000000149,True
211,C,1.0,0.0,0.0,0.0,-20000.10000000149,True
212,A,0.0,0.0,5.0,0.0,-43998.10000000149,True
212,B,0.0,0.0,9.0,0.0,-43998.10000000149,True
212,C,1.0,0.0,9.0,0.0,-43998.10000000149,True
213,A,0.0,0.0,7.0,0.0,-51998.10000000149,True
213,B,0.0,0.0,10.0,0.0,-51998.10000000149,True
213,C,1.0,0.0,10.0,0.0,-51998.10000000149,True
214,A,0.0,0.0,7.0,0.0,-14000.10000000149,True
214,B,0.0,0.0,0.0,0.0,-14000.10000000149,True
214,C,1.0,0.0,0.0,0.0,-14000.10000000149,True
215,A,0.0,0.0,7.0,0.0,-28000.10000000149,True
215,B,0.0,0.0,7.0,0.0,-28000.10000000149,True
215,C,1.0,0.0,0.0,0.0,-28000.10000000149,True
216,A,0.0,0.0,0.0,0.0,-14000.10000000149,True
216,B,0.0,0.0,7.0,0.0,-14000.10000000149,True
216,C,1.0,0.0,0.0,0.0,-14000.10000000149,True
217,A,0.0,0.0,0.0,0.0,-1998.1000000014901,True
217,B,0.0,0.0,0.0,0.0,-1998.1000000014901,True
217,C,1.0,0.0,2.0,0.0,-1998.1000000014901,True
218,A,0.0,0.0,0.0,0.0,-0.10000000149011612,True
218,B,0.0,0.0,0.0,0.0,-0.10000000149011612,True
218,C,1.0,0.0,0.0,0.0,-0.10000000149011612,True
219,A,0.0,0.0,9.0,0.0,-27998.10000000149,True
219,B,0.0,0.0,0.0,0.0,-27998.10000000149,True
219,C,1.0,0.0,6.0,0.0,-27998.10000000149,True
220,A,0.0,0.0,8.0,0.0,-26000.10000000149,True
220,B,0.0,0.0,5.0,0.0,-26000.10000000149,True
220,C,1.0,0.0,0.0,0.0,-26000.10000000149,True
221,A,0.0,0.0,2.0,0.0,-24000.10000000149,True
221,B,0.0,0.0,10.0,0.0,-24000.10000000149,True
221,C,1.0,0.0,0.0,0.0,-24000.10000000149,True
222,A,0.0,0.0,7.0,0.0,-51998.10000000149,True
222,B,0.0,0.0,10.0,0.0,-51998.10000000149,True
222,C,1.0,0.0,10.0,0.0,-51998.10000000149,True
223,A,0.0,0.0,9.0,0.0,-18000.10000000149,True
223,B,0.0,0.0,0.0,0.0,-18000.10000000149,True
223,C,1.0,0.0,0.0,0.0,-18000.10000000149,True
224,A,0.0,0.0,0.0,0.0,-25998.10000000149,True
224,B,0.0,0.0,9.0,0.0,-25998.10000000149,True
224,C,1.0,0.0,5.0,0.0,-25998.10000000149,True
225,A,0.0,0.0,0.0,0.0,-0.10000000149011612,True
225,B,0.0,0.0,0.0,0.0,-0.10000000149011612,True
225,C,1.0,0.0,0.0,0.0,-0.10000000149011612,True
226,A,0.0,0.0,12.0,0.0,-42000.10000000149,True
226,B,0.0,0.0,9.0,0.0,-42000.10000000149,True
226,C,1.0,0.0,0.0,0.0,-42000.10000000149,True
227,A,0.0,0.0,0.0,0.0,-11998.10000000149,True
227,B,0.0,0.0,0.0,0.0,-11998.10000000149,True
227,C,1.0,0.0,7.0,0.0,-11998.10000000149,True
228,A,0.0,0.0,8.0,0.0,-31998.10000000149,True
228,B,0.0,0.0,7.0,0.0,-31998.10000000149,True
228,C,1.0,0.0,2.0,0.0,-31998.10000000149,True
229,A,0.0,0.0,0.0,0.0,-21998.10000000149,True
229,B,0.0,0.0,0.0,0.0,-21998.10000000149,True
229,C,1.0,0.0,12.0,0.0,-21998.10000000149,True
230,A,0.0,0.0,0.0,0.0,-15998.10000000149,True
230,B,0.0,0.0,2.0,0.0,-15998.10000000149,True
230,C,1.0,0.0,7.0,0.0,-15998.10000000149,True
231,A,0.0,0.0,6.0,0.0,-24000.10000000149,True
231,B,0.0,0.0,6.0,0.0,-24000.10000000149,True
231,C,1.0,0.0,0.0,0.0,-24000.10000000149,True
232,A,0.0,0.0,0.0,0.0,-15998.10000000149,True
232,B,0.0,0.0,6.0,0.0,-15998.10000000149,True
232,C,1.0,0.0,3.0,0.0,-15998.10000000149,True
233,A,0.0,0.0,0.0,0.0,-7998.10000000149,True
233,B,0.0,0.0,0.0,0.0,-7998.10000000149,True
233,C,1.0,0.0,5.0,0.0,-7998.10000000149,True
234,A,0.0,0.0,0.0,0.0,-8000.10000000149,True
234,B,0.0,0.0,4.0,0.0,-8000.10000000149,True
234,C,1.0,0.0,0.0,0.0,-8000.10000000149,True
235,A,0.0,0.0,0.0,0.0,-16000.10000000149,True
235,B,0.0,0.0,8.0,0.0,-16000.10000000149,True
235,C,1.0,0.0,0.0,0.0,-16000.10000000149,True
236,A,0.0,0.0,12.0,0.0,-35998.10000000149,True
236,B,0.0,0.0,0.0,0.0,-35998.10000000149,True
236,C,1.0,0.0,7.0,0.0,-35998.10000000149,True
237,A,0.0,0.0,0.0,0.0,-11998.10000000149,True
237,B,0.0,0.0,0.0,0.0,-11998.10000000149,True
237,C,1.0,0.0,7.0,0.0,-11998.10000000149,True
238,A,0.0,0.0,0.0,0.0,-15998.10000000149,True
238,B,0.0,0.0,0.0,0.0,-15998.10000000149,True
238,C,1.0,0.0,9.0,0.0,-15998.10000000149,True
239,A,0.0,0.0,0.0,0.0,-12000.10000000149,True
239,B,0.0,0.0,6.0,0.0,-12000.10000000149,True
239,C,1.0,0.0,0.0,0.0,-12000.10000000149,True
240,A,0.0,0.0,8.0,0.0,-16000.10000000149,True
240,B,0.0,0.0,0.0,0.0,-16000.10000000149,True
240,C,1.0,0.0,0.0,0.0,-16000.10000000149,True
241,A,0.0,0.0,0.0,0.0,-18000.10000000149,True
241,B,0.0,0.0,9.0,0.0,-18000.10000000149,True
241,C,1.0,0.0,0.0,0.0,-18000.10000000149,True
242,A,0.0,0.0,0.0,0.0,-0.10000000149011612,True
242,B,0.0,0.0,0.0,0.0,-0.10000000149011612,True
242,C,1.0,0.0,0.0,0.0,-0.10000000149011612,True
243,A,0.0,0.0,0.0,0.0,-0.10000000149011612,True
243,B,0.0,0.0,0.0,0.0,-0.10000000149011612,True
243,C,1.0,0.0,0.0,0.0,-0.10000000149011612,True
244,A,0.0,0.0,4.0,0.0,-21998.10000000149,True
244,B,0.0,0.0,3.0,0.0,-21998.10000000149,True
244,C,1.0,0.0,5.0,0.0,-21998.10000000149,True
245,A,0.0,0.0,4.0,0.0,-8000.10000000149,True
245,B,0.0,0.0,0.0,0.0,-8000.10000000149,True
245,C,1.0,0.0,0.0,0.0,-8000.10000000149,True
246,A,0.0,0.0,0.0,0.0,-14000.10000000149,True
246,B,0.0,0.0,7.0,0.0,-14000.10000000149,True
246,C,1.0,0.0,0.0,0.0,-14000.10000000149,True
247,A,0.0,0.0,0.0,0.0,-12000.10000000149,True
247,B,0.0,0.0,6.0,0.0,-12000.10000000149,True
247,C,1.0,0.0,0.0,0.0,-12000.10000000149,True
248,A,0.0,0.0,0.0,0.0,-13998.10000000149,True
248,B,0.0,0.0,0.0,0.0,-13998.10000000149,True
248,C,1.0,0.0,8.0,0.0,-13998.10000000149,True
249,A,0.0,0.0,0.0,0.0,-11998.10000000149,True
249,B,0.0,0.0,0.0,0.0,-11998.10000000149,True
249,C,1.0,0.0,7.0,0.0,-11998.10000000149,True
250,A,0.0,0.0,8.0,0.0,-36000.10000000149,True
250,B,0.0,0.0,10.0,0.0,-36000.10000000149,True
250,C,1.0,0.0,0.0,0.0,-36000.10000000149,True
251,A,0.0,0.0,0.0,0.0,-0.10000000149011612,True
251,B,0.0,0.0,0.0,0.0,-0.10000000149011612,True
251,C,1.0,0.0,0.0,0.0,-0.10000000149011612,True
252,A,0.0,0.0,0.0,0.0,-19998.10000000149,True
252,B,0.0,0.0,6.0,0.0,-19998.10000000149,True
252,C,1.0,0.0,5.0,0.0,-19998.10000000149,True
253,A,0.0,0.0,8.0,0.0,-32000.10000000149,True
253,B,0.0,0.0,8.0,0.0,-32000.10000000149,True
253,C,1.0,0.0,0.0,0.0,-32000.10000000149,True
254,A,0.0,0.0,4.0,0.0,-13998.10000000149,True
254,B,0.0,0.0,0.0,0.0,-13998.10000000149,True
254,C,1.0,0.0,4.0,0.0,-13998.10000000149,True
255,A,0.0,0.0,7.0,0.0,-13998.0,True
255,B,0.0,0.0,0.0,0.0,-13998.0,True
255,C,0.0,0.0,1.0,0.0,-13998.0,True
256,A,0.0,0.0,0.0,0.0,-40000.0,True
256,B,0.0,0.0,8.0,0.0,-40000.0,True
256,C,0.0,0.0,12.0,0.0,-40000.0,True
257,A,0.0,0.0,0.0,0.0,-28000.0,True
257,B,0.0,0.0,7.0,0.0,-28000.0,True
257,C,0.0,0.0,7.0,0.0,-28000.0,True
258,A,0.0,0.0,4.0,0.0,-26000.0,True
258,B,0.0,0.0,0.0,0.0,-26000.0,True
258,C,0.0,0.0,9.0,0.0,-26000.0,True
259,A,0.0,0.0,0.0,0.0,0.0,True
259,B,0.0,0.0,0.0,0.0,0.0,True
259,C,0.0,0.0,0.0,0.0,0.0,True
260,A,0.0,0.0,0.0,0.0,0.0,True
260,B,0.0,0.0,0.0,0.0,0.0,True
260,C,0.0,0.0,0.0,0.0,0.0,True
261,A,0.0,0.0,12.0,0.0,-34000.0,True
261,B,0.0,0.0,5.0,0.0,-34000.0,True
261,C,0.0,0.0,0.0,0.0,-34000.0,True
262,A,0.0,0.0,0.0,0.0,-16000.0,True
262,B,0.0,0.0,0.0,0.0,-16000.0,True
262,C,0.0,0.0,8.0,0.0,-16000.0,True
263,A,0.0,0.0,3.0,0.0,-6000.0,True
263,B,0.0,0.0,0.0,0.0,-6000.0,True
263,C,0.0,0.0,0.0,0.0,-6000.0,True
264,A,0.0,0.0,4.0,0.0,-8000.0,True
264,B,0.0,0.0,0.0,0.0,-8000.0,True
264,C,0.0,0.0,0.0,0.0,-8000.0,True
265,A,0.0,0.0,3.0,0.0,-36000.0,True
265,B,0.0,0.0,8.0,0.0,-36000.0,True
265,C,0.0,0.0,7.0,0.0,-36000.0,True
266,A,0.0,0.0,7.0,0.0,-16000.0,True
266,B,0.0,0.0,0.0,0.0,-16000.0,True
266,C,0.0,0.0,1.0,0.0,-16000.0,True
267,A,0.0,0.0,0.0,0.0,0.0,True
267,B,0.0,0.0,0.0,0.0,0.0,True
267,C,0.0,0.0,0.0,0.0,0.0,True
268,A,0.0,0.0,0.0,0.0,-14000.0,True
268,B,0.0,0.0,0.0,0.0,-14000.0,True
268,C,0.0,0.0,7.0,0.0,-14000.0,True
269,A,0.0,0.0,0.0,0.0,-14000.0,True
269,B,0.0,0.0,0.0,0.0,-14000.0,True
269,C,0.0,0.0,7.0,0.0,-14000.0,True
270,A,0.0,0.0,7.0,0.0,-14000.0,True
270,B,0.0,0.0,0.0,0.0,-14000.0,True
270,C,0.0,0.0,0.0,0.0,-14000.0,True
271,A,0.0,0.0,0.0,0.0,-24000.0,True
271,B,0.0,0.0,12.0,0.0,-24000.0,True
271,C,0.0,0.0,0.0,0.0,-24000.0,True
272,A,0.0,0.0,7.0,0.0,-24000.0,True
272,B,0.0,0.0,1.0,0.0,-24000.0,True
272,C,0.0,0.0,4.0,0.0,-24000.0,True
273,A,0.0,0.0,0.0,0.0,-32000.0,True
273,B,0.0,0.0,4.0,0.0,-32000.0,True
273,C,0.0,0.0,12.0,0.0,-32000.0,True
274,A,0.0,0.0,2.0,0.0,-16000.0,True
274,B,0.0,0.0,6.0,0.0,-16000.0,True
274,C,0.0,0.0,0.0,0.0,-16000.0,True
275,A,0.0,0.0,0.0,0.0,-42000.0,True
275,B,0.0,0.0,8.0,0.0,-42000.0,True
275,C,0.0,0.0,13.0,0.0,-42000.0,True
276,A,0.0,0.0,5.0,0.0,-32000.0,True
276,B,0.0,0.0,11.0,0.0,-32000.0,True
276,C,0.0,0.0,0.0,0.0,-32000.0,True
277,A,0.0,0.0,0.0,0.0,0.0,True
277,B,0.0,0.0,0.0,0.0,0.0,True
277,C,0.0,0.0,0.0,0.0,0.0,True
278,A,0.0,0.0,8.0,0.0,-34000.0,True
278,B,0.0,0.0,0.0,0.0,-34000.0,True
278,C,0.0,0.0,9.0,0.0,-34000.0,True
279,A,0.0,0.0,0.0,0.0,0.0,True
279,B,0.0,0.0,0.0,0.0,0.0,True
279,C,0.0,0.0,0.0,0.0,0.0,True
280,A,0.0,0.0,7.0,0.0,-14000.0,True
280,B,0.0,0.0,0.0,0.0,-14000.0,True
280,C,0.0,0.0,0.0,0.0,-14000.0,True
281,A,0.0,0.0,0.0,0.0,0.0,True
281,B,0.0,0.0,0.0,0.0,0.0,True
281,C,0.0,0.0,0.0,0.0,0.0,True
282,A,0.0,0.0,0.0,0.0,0.0,True
282,B,0.0,0.0,0.0,0.0,0.0,True
282,C,0.0,0.0,0.0,0.0,0.0,True
283,A,0.0,0.0,0.0,0.0,-16000.0,True
283,B,0.0,0.0,0.0,0.0,-16000.0,True
283,C,0.0,0.0,8.0,0.0,-16000.0,True
284,A,0.0,0.0,0.0,0.0,-26000.0,True
284,B,0.0,0.0,6.0,0.0,-26000.0,True
284,C,0.0,0.0,7.0,0.0,-26000.0,True
285,A,0.0,0.0,0.0,0.0,-12000.0,True
285,B,0.0,0.0,0.0,0.0,-12000.0,True
285,C,0.0,0.0,6.0,0.0,-12000.0,True
286,A,0.0,0.0,0.0,0.0,0.0,True
286,B,0.0,0.0,0.0,0.0,0.0,True
286,C,0.0,0.0,0.0,0.0,0.0,True
287,A,0.0,0.0,0.0,0.0,-8000.0,True
287,B,0.0,0.0,4.0,0.0,-8000.0,True
287,C,0.0,0.0,0.0,0.0,-8000.0,True
288,A,0.0,0.0,3.0,0.0,-6000.0,True
288,B,0.0,0.0,0.0,0.0,-6000.0,True
288,C,0.0,0.0,0.0,0.0,-6000.0,True
289,A,0.0,0.0,5.0,0.0,-16000.0,True
289,B,0.0,0.0,3.0,0.0,-16000.0,True
289,C,0.0,0.0,0.0,0.0,-16000.0,True
290,A,0.0,0.0,10.0,0.0,-34000.0,True
290,B,0.0,0.0,0.0,0.0,-34000.0,True
290,C,0.0,0.0,7.0,0.0,-34000.0,True
291,A,0.0,0.0,0.0,0.0,0.0,True
291,B,0.0,0.0,0.0,0.0,0.0,True
291,C,0.0,0.0,0.0,0.0,0.0,True
292,A,0.0,0.0,9.0,0.0,-18000.0,True
292,B,0.0,0.0,0.0,0.0,-18000.0,True
292,C,0.0,0.0,0.0,0.0,-18000.0,True
293,A,0.0,0.0,0.0,0.0,-26000.0,True
293,B,0.0,0.0,7.0,0.0,-26000.0,True
293,C,0.0,0.0,6.0,0.0,-26000.0,True
294,A,0.0,0.0,1.0,0.0,-22000.0,True
294,B,0.0,0.0,0.0,0.0,-22000.0,True
294,C,0.0,0.0,10.0,0.0,-22000.0,True
295,A,0.0,0.0,12.0,0.0,-36000.0,True
295,B,0.0,0.0,0.0,0.0,-36000.0,True
295,C,0.0,0.0,6.0,0.0,-36000.0,True
296,A,0.0,0.0,0.0,0.0,-18000.0,True
296,B,0.0,0.0,9.0,0.0,-18000.0,True
296,C,0.0,0.0,0.0,0.0,-18000.0,True
297,A,0.0,0.0,0.0,0.0,-18000.0,True
297,B,0.0,0.0,0.0,0.0,-18000.0,True
297,C,0.0,0.0,9.0,0.0,-18000.0,True
298,A,0.0,0.0,8.0,0.0,-16000.0,True
298,B,0.0,0.0,0.0,0.0,-16000.0,True
298,C,0.0,0.0,0.0,0.0,-16000.0,True
299,A,0.0,0.0,6.0,0.0,-12000.0,True
299,B,0.0,0.0,0.0,0.0,-12000.0,True
299,C,0.0,0.0,0.0,0.0,-12000.0,True
300,A,0.0,0.0,11.0,0.0,-22000.0,True
300,B,0.0,0.0,0.0,0.0,-22000.0,True
300,C,0.0,0.0,0.0,0.0,-22000.0,True
301,A,0.0,0.0,0.0,0.0,-14000.0,True
301,B,0.0,0.0,7.0,0.0,-14000.0,True
301,C,0.0,0.0,0.0,0.0,-14000.0,True
302,A,0.0,0.0,0.0,0.0,0.0,True
302,B,0.0,0.0,0.0,0.0,0.0,True
302,C,0.0,0.0,0.0,0.0,0.0,True
303,A,0.0,0.0,11.0,0.0,-22000.0,True
303,B,0.0,0.0,0.0,0.0,-22000.0,True
303,C,0.0,0.0,0.0,0.0,-22000.0,True
304,A,0.0,0.0,0.0,0.0,-18000.0,True
304,B,0.0,0.0,5.0,0.0,-18000.0,True
304,C,0.0,0.0,4.0,0.0,-18000.0,True
305,A,0.0,0.0,0.0,0.0,-20000.0,True
305,B,0.0,0.0,5.0,0.0,-20000.0,True
305,C,0.0,0.0,5.0,0.0,-20000.0,True
306,A,0.0,0.0,3.0,0.0,-6000.0,True
306,B,0.0,0.0,0.0,0.0,-6000.0,True
306,C,0.0,0.0,0.0,0.0,-6000.0,True
307,A,0.0,0.0,7.0,0.0,-24000.0,True
307,B,0.0,0.0,0.0,0.0,-24000.0,True
307,C,0.0,0.0,5.0,0.0,-24000.0,True
308,A,0.0,0.0,0.0,0.0,-26000.0,True
308,B,0.0,0.0,0.0,0.0,-26000.0,True
308,C,0.0,0.0,13.0,0.0,-26000.0,True
309,A,0.0,0.0,0.0,0.0,0.0,True
309,B,0.0,0.0,0.0,0.0,0.0,True
309,C,0.0,0.0,0.0,0.0,0.0,True
310,A,0.0,0.0,0.0,0.0,0.0,True
310,B,0.0,0.0,0.0,0.0,0.0,True
310,C,0.0,0.0,0.0,0.0,0.0,True
311,A,0.0,0.0,0.0,0.0,-20000.0,True
311,B,0.0,0.0,1.0,0.0,-20000.0,True
311,C,0.0,0.0,9.0,0.0,-20000.0,True
312,A,0.0,0.0,0.0,0.0,0.0,True
312,B,0.0,0.0,0.0,0.0,0.0,True
312,C,0.0,0.0,0.0,0.0,0.0,True
313,A,0.0,0.0,6.0,0.0,-34000.0,True
313,B,0.0,0.0,2.0,0.0,-34000.0,True
313,C,0.0,0.0,9.0,0.0,-34000.0,True
314,A,0.0,0.0,0.0,0.0,0.0,True
314,B,0.0,0.0,0.0,0.0,0.0,True
314,C,0.0,0.0,0.0,0.0,0.0,True
315,A,0.0,0.0,5.0,0.0,-10000.0,True
315,B,0.0,0.0,0.0,0.0,-10000.0,True
315,C,0.0,0.0,0.0,0.0,-10000.0,True
316,A,0.0,0.0,0.0,0.0,-22000.0,True
316,B,0.0,0.0,0.0,0.0,-22000.0,True
316,C,0.0,0.0,11.0,0.0,-22000.0,True
317,A,0.0,0.0,0.0,0.0,-22000.0,True
317,B,0.0,0.0,0.0,0.0,-22000.0,True
317,C,0.0,0.0,11.0,0.0,-22000.0,True
318,A,0.0,0.0,0.0,0.0,-2000.0,True
318,B,0.0,0.0,1.0,0.0,-2000.0,True
318,C,0.0,0.0,0.0,0.0,-2000.0,True
319,A,0.0,0.0,5.0,0.0,-32000.0,True
319,B,0.0,0.0,6.0,0.0,-32000.0,True
319,C,0.0,0.0,5.0,0.0,-32000.0,True
320,A,0.0,0.0,7.0,0.0,-14000.0,True
320,B,0.0,0.0,0.0,0.0,-14000.0,True
320,C,0.0,0.0,0.0,0.0,-14000.0,True
321,A,0.0,0.0,0.0,0.0,-8000.0,True
321,B,0.0,0.0,4.0,0.0,-8000.0,True
321,C,0.0,0.0,0.0,0.0,-8000.0,True
322,A,0.0,0.0,7.0,0.0,-32000.0,True
322,B,0.0,0.0,9.0,0.0,-32000.0,True
322,C,0.0,0.0,0.0,0.0,-32000.0,True
323,A,0.0,0.0,0.0,0.0,-6000.0,True
323,B,0.0,0.0,3.0,0.0,-6000.0,True
323,C,0.0,0.0,0.0,0.0,-6000.0,True
324,A,0.0,0.0,9.0,0.0,-42000.0,True
324,B,0.0,0.0,6.0,0.0,-42000.0,True
324,C,0.0,0.0,6.0,0.0,-42000.0,True
325,A,0.0,0.0,8.0,0.0,-16000.0,True
325,B,0.0,0.0,0.0,0.0,-16000.0,True
325,C,0.0,0.0,0.0,0.0,-16000.0,True
326,A,0.0,0.0,0.0,0.0,-22000.0,True
326,B,0.0,0.0,0.0,0.0,-22000.0,True
326,C,0.0,0.0,11.0,0.0,-22000.0,True
327,A,0.0,0.0,11.0,0.0,-22000.0,True
327,B,0.0,0.0,0.0,0.0,-22000.0,True
327,C,0.0,0.0,0.0,0.0,-22000.0,True
328,A,0.0,0.0,14.0,0.0,-42000.0,True
328,B,0.0,0.0,0.0,0.0,-42000.0,True
328,C,0.0,0.0,7.0,0.0,-42000.0,True
329,A,0.0,0.0,5.0,0.0,-10000.0,True
329,B,0.0,0.0,0.0,0.0,-10000.0,True
329,C,0.0,0.0,0.0,0.0,-10000.0,True
330,A,0.0,0.0,8.0,0.0,-16000.0,True
330,B,0.0,0.0,0.0,0.0,-16000.0,True
330,C,0.0,0.0,0.0,0.0,-16000.0,True
331,A,0.0,0.0,0.0,0.0,0.0,True
331,B,0.0,0.0,0.0,0.0,0.0,True
331,C,0.0,0.0,0.0,0.0,0.0,True
332,A,0.0,0.0,8.0,0.0,-16000.0,True
332,B,0.0,0.0,0.0,0.0,-16000.0,True
332,C,0.0,0.0,0.0,0.0,-16000.0,True
333,A,0.0,0.0,0.0,0.0,0.0,True
333,B,0.0,0.0,0.0,0.0,0.0,True
333,C,0.0,0.0,0.0,0.0,0.0,True
334,A,0.0,0.0,10.0,0.0,-32000.0,True
334,B,0.0,0.0,6.0,0.0,-32000.0,True
334,C,0.0,0.0,0.0,0.0,-32000.0,True
335,A,0.0,0.0,0.0,0.0,-24000.0,True
335,B,0.0,0.0,4.0,0.0,-24000.0,True
335,C,0.0,0.0,8.0,0.0,-24000.0,True
336,A,0.0,0.0,0.0,0.0,0.0,True
336,B,0.0,0.0,0.0,0.0,0.0,True
336,C,0.0,0.0,0.0,0.0,0.0,True
337,A,0.0,0.0,0.0,0.0,-16000.0,True
337,B,0.0,0.0,8.0,0.0,-16000.0,True
337,C,0.0,0.0,0.0,0.0,-16000.0,True
338,A,0.0,0.0,0.0,0.0,0.0,True
338,B,0.0,0.0,0.0,0.0,0.0,True
338,C,0.0,0.0,0.0,0.0,0.0,True
339,A,0.0,0.0,0.0,0.0,-18000.0,True
339,B,0.0,0.0,0.0,0.0,-18000.0,True
339,C,0.0,0.0,9.0,0.0,-18000.0,True
340,A,0.0,0.0,0.0,0.0,-16000.0,True
340,B,0.0,0.0,8.0,0.0,-16000.0,True
340,C,0.0,0.0,0.0,0.0,-16000.0,True
341,A,0.0,0.0,0.0,0.0,-22000.0,True
341,B,0.0,0.0,0.0,0.0,-22000.0,True
341,C,0.0,0.0,11.0,0.0,-22000.0,True
342,A,0.0,0.0,0.0,0.0,0.0,True
342,B,0.0,0.0,0.0,0.0,0.0,True
342,C,0.0,0.0,0.0,0.0,0.0,True
343,A,0.0,0.0,0.0,0.0,0.0,True
343,B,0.0,0.0,0.0,0.0,0.0,True
343,C,0.0,0.0,0.0,0.0,0.0,True
344,A,0.0,0.0,0.0,0.0,0.0,True
344,B,0.0,0.0,0.0,0.0,0.0,True
344,C,0.0,0.0,0.0,0.0,0.0,True
345,A,0.0,0.0,7.0,0.0,-14000.0,True
345,B,0.0,0.0,0.0,0.0,-14000.0,True
345,C,0.0,0.0,0.0,0.0,-14000.0,True
346,A,0.0,0.0,0.0,0.0,0.0,True
346,B,0.0,0.0,0.0,0.0,0.0,True
346,C,0.0,0.0,0.0,0.0,0.0,True
347,A,0.0,0.0,0.0,0.0,-26000.0,True
347,B,0.0,0.0,0.0,0.0,-26000.0,True
347,C,0.0,0.0,13.0,0.0,-26000.0,True
348,A,0.0,0.0,0.0,0.0,-38000.0,True
348,B,0.0,0.0,9.0,0.0,-38000.0,True
348,C,0.0,0.0,10.0,0.0,-38000.0,True
349,A,0.0,0.0,0.0,0.0,0.0,True
349,B,0.0,0.0,0.0,0.0,0.0,True
349,C,0.0,0.0,0.0,0.0,0.0,True
350,A,0.0,0.0,6.0,0.0,-22000.0,True
350,B,0.0,0.0,5.0,0.0,-22000.0,True
350,C,0.0,0.0,0.0,0.0,-22000.0,True
351,A,0.0,0.0,9.0,0.0,-36000.0,True
351,B,0.0,0.0,9.0,0.0,-36000.0,True
351,C,0.0,0.0,0.0,0.0,-36000.0,True
352,A,0.0,0.0,8.0,0.0,-16000.0,True
352,B,0.0,0.0,0.0,0.0,-16000.0,True
352,C,0.0,0.0,0.0,0.0,-16000.0,True
353,A,0.0,0.0,3.0,0.0,-30000.0,True
353,B,0.0,0.0,0.0,0.0,-30000.0,True
353,C,0.0,0.0,12.0,0.0,-30000.0,True
354,A,0.0,0.0,0.0,0.0,-8000.0,True
354,B,0.0,0.0,4.0,0.0,-8000.0,True
354,C,0.0,0.0,0.0,0.0,-8000.0,True
355,A,0.0,0.0,3.0,0.0,-18000.0,True
355,B,0.0,0.0,0.0,0.0,-18000.0,True
355,C,0.0,0.0,6.0,0.0,-18000.0,True
356,A,0.0,0.0,9.0,0.0,-28000.0,True
356,B,0.0,0.0,0.0,0.0,-28000.0,True
356,C,0.0,0.0,5.0,0.0,-28000.0,True
357,A,0.0,0.0,12.0,0.0,-38000.0,True
357,B,0.0,0.0,7.0,0.0,-38000.0,True
357,C,0.0,0.0,0.0,0.0,-38000.0,True
358,A,0.0,0.0,10.0,0.0,-30000.0,True
358,B,0.0,0.0,5.0,0.0,-30000.0,True
358,C,0.0,0.0,0.0,0.0,-30000.0,True
359,A,0.0,0.0,0.0,0.0,-20000.0,True
359,B,0.0,0.0,0.0,0.0,-20000.0,True
359,C,0.0,0.0,10.0,0.0,-20000.0,True
360,A,0.0,0.0,0.0,0.0,0.0,True
360,B,0.0,0.0,0.0,0.0,0.0,True
360,C,0.0,0.0,0.0,0.0,0.0,True
361,A,0.0,0.0,7.0,0.0,-28000.0,True
361,B,0.0,0.0,0.0,0.0,-28000.0,True
361,C,0.0,0.0,7.0,0.0,-28000.0,True
362,A,0.0,0.0,0.0,0.0,-8000.0,True
362,B,0.0,0.0,0.0,0.0,-8000.0,True
362,C,0.0,0.0,4.0,0.0,-8000.0,True
363,A,0.0,0.0,6.0,0.0,-12000.0,True
363,B,0.0,0.0,0.0,0.0,-12000.0,True
363,C,0.0,0.0,0.0,0.0,-12000.0,True
364,A,0.0,0.0,0.0,0.0,0.0,True
364,B,0.0,0.0,0.0,0.0,0.0,True
364,C,0.0,0.0,0.0,0.0,0.0,True
365,A,0.0,0.0,0.0,0.0,-10000.0,True
365,B,0.0,0.0,5.0,0.0,-10000.0,True
365,C,0.0,0.0,0.0,0.0,-10000.0,True
